<?xml version="1.0" encoding="UTF-8" standalone="yes"?>
<addon id="script.user.rating"
    name="User Rating"
    version="1.0.0"
    provider-name="Regss">
    <requires>
        <import addon="xbmc.python" version="2.24.0" />
        <import addon="service.user.rating" version="1.0.0" />
    </requires>
    <extension point="xbmc.python.script" library="default.py" />
    <extension point="xbmc.addon.metadata">
        <summary lang="en">Easy rate media</summary>
        <summary lang="pl">Łatwo oceniaj swoje zasoby</summary>
        <description lang="en">Help rating your media</description>
        <description lang="pl">Pomaga oceniać posiadane zasoby</description>
        <platform>all</platform>
        <license>GNU GENERAL PUBLIC LICENSE. Version 3, 29 June 2007</license>
        <forum></forum>
        <source>https://github.com/Regss/script.user.rating</source>
        <email>regss84@gmail.com</email>
    </extension>
</addon>