<?xml version="1.0" encoding="UTF-8" standalone="yes"?>
<addon id="script.audio.profiles"
    name="Audio Profiles"
    version="1.0.0"
    provider-name="Regss">
    <requires>
        <import addon="xbmc.python" version="2.14.0" />
    </requires>
    <extension point="xbmc.python.script" library="default.py" />
    <extension point="xbmc.addon.metadata">
        <summary lang="en">Save audio profile and easily switch between them</summary>
        <description lang="en">To map a key for switch audio profile edit keymap xml file and add:[CR]RunScript(script.audio.profiles,0) - for switch profile in loop[CR]RunScript(script.audio.profiles,x) - where x is number of profile</description>
        <platform>all</platform>
    </extension>
</addon>