<?xml version="1.0" encoding="UTF-8" standalone="yes"?>
<addon id="script.filmweb.oceny"
    name="Filmweb Oceny"
    version="1.0.2"
    provider-name="Regss">
    <requires>
        <import addon="xbmc.python" version="2.1.0" />
        <import addon="service.filmweb.oceny" version="1.0.1" />
    </requires>
    <extension point="xbmc.python.script" library="default.py" />
    <extension point="xbmc.addon.metadata">
        <summary lang="en">Rate movies on filmweb.pl website</summary>
        <summary lang="pl">Ocenianie filmów na stronie filmweb.pl</summary>
        <description lang="en">After watching movie you can rate it on filmweb.pl website</description>
        <description lang="pl">Po ogladnięciu filmu możesz ocenić go na stronie filmweb.pl</description>
        <platform>all</platform>
    </extension>
</addon>