<?xml version="1.0" encoding="UTF-8" standalone="yes"?>
<addon id="plugin.video.filmweb.pl.premiery"
    name="Filmweb.pl - Premiery"
    version="1.2.0"
    provider-name="Regss">
    <requires>
        <import addon="xbmc.python" version="2.0" />
        <import addon="plugin.video.youtube" version="2.9.1" optional="true" />
    </requires>
    <extension point="xbmc.python.pluginsource"
        library="default.py">
        <provides>video</provides>
    </extension>
    <extension point="xbmc.addon.metadata">
        <summary>Filmweb.pl - Premiery</summary>
        <description>Wyświetla trailery premierowych filmów</description>
        <platform>all</platform>
        <broken>Zainstaluj nową wtyczkę - Filmweb.pl - Trailery</broken>
    </extension>
</addon>