<?xml version="1.0" encoding="UTF-8" standalone="yes"?>
<addon id="script.backup.watched"
    name="Backup Watched"
    version="1.1.0"
    provider-name="Regss">
    <requires>
        <import addon="xbmc.python" version="2.14.0" />
    </requires>
    <extension point="xbmc.python.script" library="default.py" />
    <extension point="xbmc.addon.metadata">
        <summary lang="en">Backup watched status</summary>
        <description lang="en">Backup watched status using filename or full path to file</description>
        <platform>all</platform>
    </extension>
</addon>