<?xml version="1.0" encoding="UTF-8" standalone="yes"?>
<addon id="plugin.video.filmweb.pl.premiery.dvd"
    name="Filmweb.pl - Premiery DVD"
    version="1.0.0"
    provider-name="Regss">
    <requires>
        <import addon="xbmc.python" version="2.0" />
        <import addon="plugin.video.youtube" version="2.9.1" optional="true" />
    </requires>
    <extension point="xbmc.python.pluginsource"
        library="default.py">
        <provides>video</provides>
    </extension>
    <extension point="xbmc.addon.metadata">
        <summary>Filmweb.pl - Premiery DVD</summary>
        <description>Wyświetla trailery filmów premierowych DVD</description>
        <platform>all</platform>
    </extension>
</addon>