<?xml version="1.0" encoding="UTF-8"?>
<window id="11112">
    <coordinates>
        <system>1</system>
        <posx>50</posx>
        <posy>50</posy>
    </coordinates>
    <controls>
        <control type="group">
            <description>BG</description>
            <posx>0</posx>
            <posy>0</posy>
            <width>360</width>
            <control type="image">
                <height>100</height>
                <texture>script-shutdown.timer-bg.png</texture>
            </control>
        </control>
        <control type="label" id="10080">
            <description>title</description>
            <posx>0</posx>
            <posy>16</posy>
            <width>360</width>
            <height>20</height>
            <label></label>
            <align>center</align>
            <font>font14</font>
            <textcolor>blue</textcolor>
        </control>
        <control type="label" id="10081">
            <description>text</description>
            <posx>0</posx>
            <posy>50</posy>
            <width>360</width>
            <height>20</height>
            <label></label>
            <align>center</align>
            <font>font13</font>
            <textcolor>white</textcolor>
        </control>
    </controls>
</window>