<?xml version="1.0" encoding="UTF-8" standalone="yes"?>
<addon id="script.facebook.watching.now"
    name="Facebook Watching Now"
    version="1.0.0"
    provider-name="Regss">
    <requires>
        <import addon="xbmc.python" version="2.14.0"/>
    </requires>
    <extension point="xbmc.python.script" library="default.py" />
    <extension point="xbmc.service" library="service.py" start="login" />
    <extension point="xbmc.addon.metadata">
        <summary lang="en">Share watching movie on Facebook</summary>
        <description lang="en">You can share now watching movie on Facebook</description>
        <summary lang="pl">Udostępniaj oglądane filmy na Facebooku</summary>
        <description lang="pl">Możesz udostępnić aktualnie oglądany film na Facebooku</description>
        <platform>all</platform>
        <license>GNU GENERAL PUBLIC LICENSE. Version 3, 29 June 2007</license>
        <forum></forum>
        <email>regss84@gmail.com</email>
        <source></source>
    </extension>
</addon>