<?xml version="1.0" encoding="UTF-8" standalone="yes"?>
<addon id="script.shutdown.timer"
    name="Shutdown Timer"
    version="1.0.0"
    provider-name="Regss">
    <requires>
        <import addon="xbmc.python" version="2.14.0" />
    </requires>
    <extension point="xbmc.python.script" library="default.py" />
    <extension point="xbmc.service" library="service.py" start="login" />
    <extension point="xbmc.addon.metadata">
        <summary lang="en">Enable shutdown timer using one key</summary>
        <summary lang="pl">Uruchamianie wyłącznika czasowego jednym przyciskiem</summary>
        <description lang="en">To enable timer run script using RunScript(script.shutdown.timer)</description>
        <description lang="pl">Aby włączyć czasmomierz uruchom RunScript(script.shutdown.timer)</description>
        <platform>all</platform>
        <license>GNU GENERAL PUBLIC LICENSE. Version 3, 29 June 2007</license>
        <email>regss84@gmail.com</email>
    </extension>
</addon>