<?xml version="1.0" encoding="UTF-8" standalone="yes"?>
<addon id="service.audio.profiles"
    name="Audio Profiles Service"
    version="1.0.0"
    provider-name="Regss">
    <requires>
        <import addon="xbmc.python" version="2.1.0" />
    </requires>
    <extension point="xbmc.service" library="default.py" start="[login|startup]" />
    <extension point="xbmc.addon.metadata">
        <summary lang="en">Service for Audio Profiles script</summary>
        <summary lang="pl">Usługa dla skryptu Audio Profiles</summary>
        <description lang="en">Service for Audio Profiles script</description>
        <description lang="pl">Usługa dla skryptu Audio Profiles</description>
        <platform>all</platform>
    </extension>
</addon>