<?xml version="1.0" encoding="UTF-8" standalone="yes"?>
<addon id="service.filmweb.oceny"
    name="Filmweb Oceny - Usługa"
    version="1.1.2"
    provider-name="Regss">
    <requires>
        <import addon="xbmc.python" version="2.1.0" />
    </requires>
    <extension point="xbmc.addon.metadata">
        <summary lang="en">Service for Filmweb Oceny script</summary>
        <summary lang="pl">Usługa dla skryptu Filmweb Oceny</summary>
        <description lang="en">Service for Filmweb Oceny script</description>
        <description lang="pl">Usługa dla skryptu Filmweb Oceny</description>
        <platform>all</platform>
        <broken>deprecated</broken>
    </extension>
</addon>