<?xml version="1.0" encoding="UTF-8" standalone="yes"?>
<addon id="script.backup.watched"
    name="Backup Watched"
    version="1.3.0"
    provider-name="Regss">
    <requires>
        <import addon="xbmc.python" version="2.14.0" />
    </requires>
    <extension point="xbmc.python.script" library="default.py" />
    <extension point="xbmc.service" library="service.py" start="login" />
    <extension point="xbmc.addon.metadata">
        <summary lang="en">Backup watched status</summary>
        <description lang="en">Backup watched status using filename or full path to file</description>
        <platform>all</platform>
        <license>GNU GENERAL PUBLIC LICENSE. Version 3, 29 June 2007</license>
        <email>regss84@gmail.com</email>
    </extension>
</addon>