<?xml version="1.0" encoding="UTF-8" standalone="yes"?>
<addon id="service.backup.watched"
    name="Backup Watched Service"
    version="1.0.1"
    provider-name="Regss">
    <requires>
        <import addon="xbmc.python" version="2.1.0" />
    </requires>
    <extension point="xbmc.service" library="default.py" start="[login]" />
    <extension point="xbmc.addon.metadata">
        <summary lang="en">Service for Backup Watched script</summary>
        <summary lang="pl">Usługa dla skryptu Backup Watched</summary>
        <description lang="en">Service for Backup Watched script to create auto backups</description>
        <description lang="pl">Usługa dla skryptu Backup Watched do automatycznego tworzenia kopii zapasowych</description>
        <platform>all</platform>
        <broken>deprecated</broken>
    </extension>
</addon>