<?xml version="1.0" encoding="UTF-8" standalone="yes"?>
<addon id="service.video.filmweb.pl.trailery"
    name="Service Filmweb.pl - Trailery"
    version="1.0.0"
    provider-name="Regss">
    <requires>
        <import addon="xbmc.python" version="2.1.0" />
    </requires>
    <extension point="xbmc.service" library="default.py" start="login" />
    <extension point="xbmc.addon.metadata">
        <summary lang="en">Service for plugin Filmweb.pl - Trailery</summary>
        <summary lang="pl">Usługa dla pluginu Filmweb.pl - Trailery</summary>
        <description lang="en">Service for plugin Filmweb.pl - Trailery</description>
        <description lang="pl">Usługa dla pluginu Filmweb.pl - Trailery</description>
        <platform>all</platform>
        <forum>http://kodi.org.pl/forum/10-XBMC---Wtyczki-pluginy/3740-filmweb-trailery</forum>
        <source>https://github.com/Regss/plugin.video.filmweb.pl.trailery</source>
        <email>regss84@gmail.com</email>
    </extension>
</addon>