<?xml version="1.0" encoding="UTF-8" standalone="yes"?>
<addon id="metadata.filmweb.pl-lite"
       name="Filmweb Lite"
       version="1.2.13"
       provider-name="Regss">
    <requires>
    <import addon="xbmc.metadata" version="2.1.0" />
    <import addon="metadata.common.themoviedb.org" version="2.8.0" />
    <import addon="plugin.video.youtube" version="2.9.1" optional="true" />
    </requires>
    <extension point="xbmc.metadata.scraper.movies"
               language="pl"
               library="filmweb-lite.xml" />
    <extension point="xbmc.addon.metadata">
        <summary lang="en">Filmweb Movie Scraper</summary>
        <summary lang="pl">Scraper filmowy Filmweb</summary>
        <description lang="en">Download Movie information from filmweb.pl</description>
        <description lang="pl">Pobiera informacje o filmie ze strony www.filmweb.pl Umożliwia konfigurację poprzez wyłączenie poszczególnych funkcji w celu przyspieszenia działania</description>
        <platform>all</platform>
    </extension>
</addon>