<?xml version="1.0" encoding="UTF-8" standalone="yes"?>
<addon id="service.tag.star.rating"
    name="Tag Star Rating Service"
    version="1.0.0"
    provider-name="Regss">
    <requires>
        <import addon="xbmc.python" version="2.1.0" />
        <import addon="script.tag.star.rating" />
    </requires>
    <extension point="xbmc.service" library="default.py" start="[login|startup]" />
    <extension point="xbmc.addon.metadata">
        <summary lang="en">Service for Tag Star Rating script</summary>
        <summary lang="pl">Usługa dla skryptu Tag Star Rating</summary>
        <description lang="en">Service script for Tag Star Rating script to run it automaticly after stop video</description>
        <description lang="pl">Usługa dla skryptu Tag Star Rating pozwalająca na automatyczne uruchamianie po zatrzymaniu filmu</description>
        <platform>all</platform>
    </extension>
</addon>