<?xml version="1.0" encoding="UTF-8" standalone="yes"?>
<addon id="service.user.rating"
    name="User Rating - Service"
    version="1.0.0"
    provider-name="Regss">
    <requires>
        <import addon="xbmc.python" version="2.24.0" />
    </requires>
    <extension point="xbmc.service" library="default.py" start="[login]" />
    <extension point="xbmc.addon.metadata">
        <summary lang="en">Service for User Rating Addon</summary>
        <summary lang="pl">Usługa dla dodatku User Rating</summary>
        <description lang="en"></description>
        <description lang="pl"></description>
        <platform>all</platform>
        <license>GNU GENERAL PUBLIC LICENSE. Version 3, 29 June 2007</license>
        <forum></forum>
        <source>https://github.com/Regss/service.user.rating</source>
        <email>regss84@gmail.com</email>
    </extension>
</addon>