<?xml version="1.0" encoding="UTF-8" standalone="yes"?>
<addon id="metadata.joymii.com" name="JoyMii" version="1.1.2" provider-name="Regss">
    <requires>
    <import addon="xbmc.metadata" version="1.0"/>
    </requires>
    <extension point="xbmc.metadata.scraper.tvshows" language="pl" library="joymii.xml"/>
    <extension point="xbmc.addon.metadata">
        <summary lang="en">Joymii scraper</summary>
        <description lang="en">Download Movie information from joymii.com</description>
        <platform>all</platform>
    </extension>
</addon>