<?xml version="1.0" encoding="UTF-8" standalone="yes"?>
<addon id="service.audio.profiles"
    name="Audio Profiles Service"
    version="1.0.1"
    provider-name="Regss">
    <requires>
        <import addon="xbmc.python" version="2.1.0" />
    </requires>
    <extension point="xbmc.service" library="default.py" start="login" />
    <extension point="xbmc.addon.metadata">
        <summary lang="en">Service for Audio Profiles script</summary>
        <summary lang="pl">Usługa dla skryptu Audio Profiles</summary>
        <description lang="en">Shows menu to select profile when starts playing video.</description>
        <description lang="pl">Pokazuje menu wyboru profilu audio kiedy rozpocznie się odtwarzanie wideo</description>
        <platform>all</platform>
        <forum>http://forum.kodi.tv/showthread.php?tid=200081</forum>
        <source>https://github.com/Regss/service.audio.profiles</source>
        <email>regss84@gmail.com</email>
        <broken>deprecated</broken>
    </extension>
</addon>