<?xml version="1.0" encoding="UTF-8" standalone="yes"?>
<addon id="script.movielib"
    name="Movielib"
    version="1.3.2"
    provider-name="Regss">
    <requires>
        <import addon="xbmc.python" version="2.1.0" />
        <import addon="service.movielib" />
        <import addon="script.module.pil" version="1.1.7" />
    </requires>
    <extension point="xbmc.python.script" library="default.py" />
    <extension point="xbmc.addon.metadata">
        <summary lang="en">Synchronizes video library with the Movielib site</summary>
        <summary lang="pl">Synchronizuje bazę video ze stroną Movielib</summary>
        <summary lang="de">Synchronisiert die Videobibliothek mit der Movielib-Webseite</summary>
        <description lang="en">Synchronizes video library with the Movielib site. Script can be downloaded from https://github.com/Regss/movielib</description>
        <description lang="pl">Synchronizuje bazę video ze stroną Movielib. Którą można pobrać z https://github.com/Regss/movielib</description>
        <description lang="de">Synchronisiert die Videobibliothek mit der Movielib-Webseite. Das Skript kann von https://github.com/Regss/movielib heruntergeladen werden.</description>
        <platform>all</platform>
    </extension>
</addon>