<?xml version="1.0" encoding="UTF-8" standalone="yes"?>
<addon id="service.movielib"
    name="Movielib Service"
    version="1.0.1"
    provider-name="Regss">
    <requires>
        <import addon="xbmc.python" version="2.1.0" />
    </requires>
    <extension point="xbmc.service" library="default.py" start="[login|startup]" />
    <extension point="xbmc.addon.metadata">
        <summary lang="en">Service for movielib script</summary>
        <summary lang="pl">Usługa dla skryptu movielib</summary>
        <description lang="en">Service for movielib script</description>
        <description lang="pl">Usługa dla skryptu movielib</description>
        <platform>all</platform>
    </extension>
</addon>