<?xml version="1.0" encoding="UTF-8" standalone="yes"?>
<addon id="plugin.audio.polskie.stacje"
       name="Polskie Stacje"
       version="1.0.2"
       provider-name="Regss">
  <requires>
    <import addon="xbmc.python" version="2.14.0" />
  </requires>
  <extension point="xbmc.python.pluginsource" library="default.py" />
        <provides>audio</provides>
  </extension>
  <extension point="xbmc.addon.metadata">
    <summary lang="en">Polish radio package</summary>
    <summary lang="pl">Zbiór Polskich stacji radiowych</summary>
    <description lang="en">Allows you to listen Polish radio stations</description>
    <description lang="pl">Pozwala na odsłuchiwanie Polskich stacji radiowych</description>
    <platform>all</platform>
  </extension>
</addon>