<?xml version="1.0" encoding="UTF-8" standalone="yes"?>
<addon id="metadata.filmweb.pl-lite" name="Filmweb-lite" version="1.0.12" provider-name="Regss">
    <requires>
    <import addon="xbmc.metadata" version="1.0"/>
    </requires>
    <extension point="xbmc.metadata.scraper.movies" language="pl" library="filmweb-lite.xml"/>
    <extension point="xbmc.addon.metadata">
        <summary lang="en">Filmweb Movie Scraper</summary>
        <summary lang="pl">Scraper filmowy Filmweb</summary>
        <description lang="en">Download Movie information from www.filmweb.pl</description>
        <description lang="pl">Filmweb - łeb pełen filmów! to największy polski serwis filmowy i druga największa baza filmowa na świecie.</description>
        <platform>all</platform>
    </extension>
</addon>